time_utc,mode,symbol,signal,outcome,message_id
2026-08-17 13:54:45,SUMMARY_00,SYSTEM,SUMMARY,DISPATCHED,NET_ERR
2026-08-17 14:27:11,GOLD_P4,XAUUSD,LONG @ 4471.4,OPEN,1761
2026-08-17 21:15:22,SUMMARY_00,SYSTEM,SUMMARY,DISPATCHED,NET_ERR
2026-08-18 06:19:54,REPORT_09,SYSTEM,SUMMARY,DISPATCHED,NET_ERR
2026-08-18 11:24:37,GOLD_P1,XAUUSD,LONG @ 4450.2,OPEN,1801
2026-08-18 12:44:02,GOLD_P2,XAUUSD,SHORT @ 4453.3,OPEN,1804
2026-08-18 13:31:33,GOLD_P3,XAUUSD,LONG @ 4449.7,OPEN,1805
2026-08-18 21:12:48,SUMMARY_00,SYSTEM,SUMMARY,DISPATCHED,NET_ERR
2026-08-19 06:20:30,REPORT_09,SYSTEM,SUMMARY,DISPATCHED,NET_ERR
2026-08-19 15:03:14,OIL_EIA,USOIL,SURPRISE_0.00M,FILTERED_LOW_DELTA,NONE
2026-08-19 21:15:06,SUMMARY_00,SYSTEM,SUMMARY,DISPATCHED,NET_ERR
2026-08-20 06:21:24,REPORT_09,SYSTEM,SUMMARY,DISPATCHED,NET_ERR
2026-08-20 21:17:14,SUMMARY_00,SYSTEM,SUMMARY,DISPATCHED,NET_ERR
2026-08-21 06:21:33,REPORT_09,SYSTEM,SUMMARY,DISPATCHED,NET_ERR
2026-08-21 21:12:49,SUMMARY_00,SYSTEM,SUMMARY,DISPATCHED,NET_ERR
2026-08-22 06:16:35,REPORT_09,SYSTEM,SUMMARY,DISPATCHED,NET_ERR
2026-08-22 21:10:57,SUMMARY_00,SYSTEM,SUMMARY,DISPATCHED,NET_ERR
2026-08-23 06:18:17,REPORT_09,SYSTEM,SUMMARY,DISPATCHED,NET_ERR
2026-08-23 21:11:15,SUMMARY_00,SYSTEM,SUMMARY,DISPATCHED,NET_ERR
2026-08-24 06:29:45,REPORT_09,SYSTEM,SUMMARY,DISPATCHED,NET_ERR
2026-08-24 21:18:10,SUMMARY_00,SYSTEM,SUMMARY,DISPATCHED,NET_ERR
2026-08-25 06:21:50,REPORT_09,SYSTEM,SUMMARY,DISPATCHED,NET_ERR
2026-08-25 21:16:35,SUMMARY_00,SYSTEM,SUMMARY,DISPATCHED,NET_ERR
2026-08-26 06:23:49,REPORT_09,SYSTEM,SUMMARY,DISPATCHED,NET_ERR
2026-08-26 16:02:10,OIL_EIA,USOIL,SURPRISE_0.00M,FILTERED_LOW_DELTA,NONE
2026-08-27 00:19:35,SUMMARY_00,SYSTEM,SUMMARY,DISPATCHED,NET_ERR
2026-08-27 16:54:04,REPORT_09,SYSTEM,SUMMARY,DISPATCHED,NET_ERR
2026-08-28 05:00:18,SUMMARY_00,SYSTEM,SUMMARY,DISPATCHED,NET_ERR
